company,companies,profitandloss,balancesheet,cashflow,documents,analysis,prosandcons,complete_statements
ABB,True,True,True,True,True,False,False,True
ADANIENSOL,True,True,True,True,True,False,False,True
ADANIENT,True,True,True,True,True,False,False,True
ADANIGREEN,True,True,True,True,True,False,False,True
ADANIPORTS,True,True,True,True,True,False,False,True
ADANIPOWER,True,True,True,True,True,False,False,True
AMBUJACEM,True,True,True,True,True,False,False,True
APOLLOHOSP,True,True,True,True,True,False,False,True
ASIANPAINT,True,True,True,True,True,False,False,True
ATGL,True,True,True,True,True,False,False,True
AXISBANK,True,True,True,True,True,False,False,True
BAJAJ-AUTO,True,True,True,True,True,False,False,True
BAJAJFINSV,True,True,True,True,True,False,False,True
BAJAJHLDNG,True,True,True,True,True,False,False,True
BAJFINANCE,True,True,True,True,True,False,False,True
BANKBARODA,True,True,True,True,True,False,False,True
BEL,True,True,True,True,True,False,False,True
BHARTIARTL,True,True,True,True,True,False,False,True
BHEL,True,True,True,True,True,False,False,True
BOSCHLTD,True,True,True,True,True,False,False,True
BPCL,True,True,True,True,True,False,False,True
BRITANNIA,True,True,True,True,True,False,False,True
CANBK,True,True,True,True,True,False,False,True
CHOLAFIN,True,True,True,True,True,False,False,True
CIPLA,True,True,True,True,True,False,False,True
COALINDIA,True,True,True,True,True,False,False,True
DABUR,True,True,True,True,True,False,False,True
DIVISLAB,True,True,True,True,False,False,False,True
DLF,True,True,True,True,True,False,False,True
DMART,True,True,True,True,True,False,False,True
DRREDDY,True,True,True,True,True,False,False,True
EICHERMOT,True,True,True,True,True,False,False,True
GAIL,True,True,True,True,True,False,False,True
GODREJCP,True,True,True,True,True,False,False,True
GRASIM,True,True,True,True,True,False,False,True
HAL,True,True,True,True,True,False,False,True
HAVELLS,True,True,True,True,True,False,False,True
HCLTECH,True,True,True,True,True,False,False,True
HDFCBANK,True,True,True,True,True,True,True,True
HDFCLIFE,True,True,True,True,True,False,False,True
HEROMOTOCO,True,True,True,True,True,False,False,True
HINDALCO,True,True,True,True,True,False,False,True
HINDUNILVR,True,True,True,True,True,False,False,True
ICICIBANK,True,True,True,True,True,False,False,True
ICICIGI,True,True,True,True,True,False,False,True
ICICIPRULI,True,True,True,True,True,False,False,True
INDIGO,True,True,True,True,True,False,False,True
INDUSINDBK,True,True,True,True,True,False,False,True
INFY,True,True,True,True,True,True,True,True
IOC,True,True,True,True,True,False,False,True
IRCTC,True,True,True,True,True,False,False,True
IRFC,True,True,True,True,True,False,False,True
ITC,True,True,True,True,True,False,False,True
JINDALSTEL,True,True,True,True,True,False,False,True
JIOFIN,True,True,True,True,True,False,False,True
JSWENERGY,True,True,True,True,True,False,False,True
JSWSTEEL,True,True,True,True,True,False,False,True
KOTAKBANK,True,True,True,True,True,False,False,True
LICI,True,True,True,True,True,False,False,True
LODHA,True,True,True,True,True,False,False,True
LT,True,True,True,True,True,False,False,True
LTIM,True,True,True,True,True,False,False,True
M&M,True,True,True,True,True,False,False,True
MARUTI,True,True,True,True,True,False,False,True
MOTHERSON,True,True,True,True,True,False,False,True
NAUKRI,True,True,True,True,True,False,False,True
NESTLEIND,True,True,True,True,True,False,False,True
NHPC,True,True,True,True,True,False,False,True
NTPC,True,True,True,True,True,False,False,True
ONGC,True,True,True,True,True,False,False,True
PFC,True,True,True,True,True,False,False,True
PIDILITIND,True,True,True,True,True,False,False,True
PNB,True,True,True,True,True,False,False,True
POWERGRID,True,True,True,True,True,False,False,True
RECLTD,True,True,True,True,True,False,False,True
RELIANCE,True,True,True,True,True,False,False,True
SBILIFE,True,True,True,True,True,True,True,True
SBIN,True,True,False,True,True,False,False,False
SHREECEM,True,True,True,True,True,False,False,True
SHRIRAMFIN,True,True,True,True,True,False,False,True
SIEMENS,True,True,True,True,True,False,False,True
SUNPHARMA,True,True,True,True,True,False,False,True
TATACONSUM,True,True,True,True,True,False,False,True
TATAMOTORS,True,True,True,True,True,False,False,True
TATAPOWER,True,True,True,True,True,False,False,True
TATASTEEL,True,True,True,True,True,False,False,True
TCS,True,True,True,True,True,True,True,True
TECHM,True,True,True,True,True,False,False,True
TITAN,True,True,True,True,True,False,False,True
TORNTPHARM,True,True,True,True,True,False,False,True
TRENT,True,True,True,True,True,False,False,True
TVSMOTOR,True,True,True,True,True,False,False,True
ULTRACEMCO,True,True,True,True,True,False,False,True
UNIONBANK,True,True,True,True,True,False,False,True
UNITDSPR,True,True,True,True,True,False,False,True
VBL,True,True,False,True,True,False,False,False
VEDL,True,True,True,True,True,False,False,True
WIPRO,True,True,True,True,True,True,True,True
ZOMATO,True,True,True,True,True,False,False,True
ZYDUSLIFE,True,True,True,True,True,False,False,True
