"Symbol","Company Name","Sector","Health","Revenue","Net Profit","OPM %"
"BAJAJHLDNG","Bajaj Holdings & Investment Ltd","Financials","92","₹1702","₹7365","91.8%"
"JIOFIN","Jio Financial Services Ltd","Financials","63","₹1855","₹1605","84.0%"
"NAUKRI","Info Edge (India) Ltd","Industrials","69","₹2536","₹595","28.0%"
"IRCTC","Indian Railway Catering & Tourism Corporation Ltd","Industrials","81","₹4270","₹1111","34.3%"
"ATGL","Adani Total Gas Ltd","Energy","77","₹4475","₹668","24.7%"
"ABB","ABB","","—","₹5849","₹1201","24.8%"
"DLF","DLF Ltd","Real Estate","70","₹6427","₹2724","33.0%"
"DIVISLAB","Divis Laboratories Ltd","Healthcare","61","₹7845","₹1600","28.2%"
"ADANIGREEN","Adani Green Energy Ltd","Energy","59","₹9220","₹1260","79.4%"
"NHPC","NHPC Ltd","Energy","56","₹9632","₹4028","49.9%"
"LODHA","Macrotech Developers Ltd","Real Estate","70","₹10316","₹1554","25.8%"
"TORNTPHARM","Torrent Pharmaceuticals Ltd","Healthcare","79","₹10728","₹1656","31.4%"
"UNITDSPR","UNITDSPR","","72","₹11321","₹1408","17.7%"
"JSWENERGY","JSW Energy Ltd","Energy","64","₹11486","₹1725","46.9%"
"ZOMATO","ZOMATO","","57","₹12114","₹351","0.4%"
"TRENT","Trent Ltd","Consumer Discretionary","82","₹12375","₹1477","15.9%"
"PIDILITIND","Pidilite Industries Ltd","Materials","86","₹12383","₹1747","21.9%"
"DABUR","Dabur India Ltd","Consumer Staples","71","₹12404","₹1811","19.3%"
"GODREJCP","Godrej Consumer Products Ltd","Consumer Staples","48","₹14096","₹-561","21.0%"
"TATACONSUM","Tata Consumer Products Ltd","Consumer Staples","59","₹15206","₹1215","15.0%"
"VBL","VBL","","82","₹16043","₹2102","23.2%"
"EICHERMOT","Eicher Motors Ltd","Consumer Discretionary","87","₹16536","₹4001","26.2%"
"ADANIENSOL","Adani Energy Solutions Ltd","Energy","54","₹16607","₹1196","34.4%"
"BOSCHLTD","Bosch Ltd","Consumer Discretionary","75","₹16727","₹2490","12.5%"
"BRITANNIA","Britannia Industries Ltd","Consumer Staples","70","₹16769","₹2134","18.9%"
"HAVELLS","Havells India Ltd","Industrials","78","₹18590","₹1271","10.1%"
"APOLLOHOSP","Apollo Hospitals
Chain of Indian private hospitals","Healthcare","67","₹19059","₹935","12.6%"
"CHOLAFIN","Cholamandalam Investment & Finance Company Ltd","Financials","83","₹19163","₹3420","28.1%"
"ZYDUSLIFE","ZYDUSLIFE","","78","₹19547","₹3973","27.5%"
"BEL","Bharat Electronics Ltd","Industrials","87","₹20268","₹3985","24.9%"
"ICICIGI","ICICI Lombard General Insurance Company Ltd","Financials","67","₹20487","₹1919","87.4%"
"SHREECEM","Shree Cement Ltd","Materials","67","₹20521","₹1733","22.0%"
"BHEL","Bharat Heavy Electricals Limited","Energy","30","₹23893","₹282","3.0%"
"NESTLEIND","Nestle India Ltd","Consumer Staples","—","₹24394","₹3933","23.8%"
"CIPLA","Cipla Ltd","Healthcare","76","₹25774","₹4154","75.6%"
"IRFC","Indian Railway Finance Corporation Ltd","Financials","68","₹26645","₹6412","99.5%"
"ADANIPORTS","Adani Ports & Special Economic Zone Ltd","Industrials","79","₹26711","₹8104","58.4%"
"DRREDDY","Dr Reddys Laboratories Ltd","Healthcare","79","₹28011","₹5578","28.3%"
"HAL","Hindustan Aeronautics Ltd","Industrials","86","₹30381","₹7595","32.1%"
"AMBUJACEM","Ambuja Cements Ltd","Materials","68","₹33160","₹4738","19.3%"
"ASIANPAINT","Asian Paints
Indian Multi-National Paint and Coating Manufacturing Company","Materials","82","₹35495","₹5558","21.4%"
"LTIM","LTIMindtree Ltd","Information Technology","81","₹35517","₹4585","18.0%"
"SHRIRAMFIN","Shriram Finance Ltd","Financials","79","₹36388","₹7399","28.9%"
"HEROMOTOCO","Hero MotoCorp Ltd","Consumer Discretionary","79","₹37789","₹3742","86.1%"
"TVSMOTOR","TVS Motor Company Ltd","Consumer Discretionary","42","₹39145","₹1779","14.1%"
"BAJAJ-AUTO","Bajaj Auto Ltd","Consumer Discretionary","84","₹44870","₹7708","19.5%"
"INDUSINDBK","IndusInd Bank Ltd","Financials","76","₹45748","₹8950","38.6%"
"POWERGRID","Power Grid Corporation of India Ltd","Energy","61","₹45843","₹15573","86.9%"
"RECLTD","REC Ltd","Energy","37","₹47517","₹14145","100.8%"
"SUNPHARMA","Sun Pharmaceuticals Industries Ltd","Healthcare","79","₹48497","₹9610","26.8%"
"ADANIPOWER","Adani Power Ltd","Energy","81","₹50351","₹20829","36.2%"
"JINDALSTEL","Jindal Steel & Power Ltd","Materials","64","₹50354","₹5943","20.3%"
"DMART","Avenue Supermarts Ltd","Consumer Discretionary","76","₹50789","₹2536","8.1%"
"TITAN","Titan Company Ltd","Consumer Discretionary","61","₹51084","₹3496","10.4%"
"TECHM","Tech Mahindra Ltd","Information Technology","60","₹51996","₹2397","8.7%"
"BAJFINANCE","Bajaj Finance Ltd","Financials","89","₹54972","₹14451","29.3%"
"KOTAKBANK","Kotak Mahindra Bank Ltd","Financials","82","₹56237","₹18213","83.7%"
"TATAPOWER","Tata Power Company Ltd","Energy","60","₹61449","₹4280","17.5%"
"HINDUNILVR","Hindustan Unilever Ltd","Consumer Staples","77","₹61896","₹10282","76.3%"
"INDIGO","Interglobe Aviation Ltd","Consumer Discretionary","93","₹68904","₹8167","76.3%"
"ITC","ITC Ltd","Consumer Staples","79","₹70866","₹20751","37.0%"
"ULTRACEMCO","ULTRACEMCO","Materials","73","₹70908","₹7004","18.3%"
"WIPRO","WIPRO","Information Technology","69","₹89760","₹11112","18.7%"
"ICICIPRULI","ICICI Prudential Life Insurance Company Ltd","Financials","46","₹90307","₹851","102.0%"
"PFC","Power Finance Corporation Ltd","Financials","79","₹91508","₹26461","36.7%"
"ADANIENT","Adani Enterprises Ltd","Energy","53","₹96421","₹3335","11.8%"
"MOTHERSON","Samvardhana Motherson International Ltd","Consumer Discretionary","68","₹98692","₹3020","9.4%"
"UNIONBANK","UNIONBANK","","55","₹100376","₹13797","4.6%"
"HDFCLIFE","HDFC Life Insurance Company Ltd","Financials","59","₹101482","₹1574","99.5%"
"PNB","Punjab National Bank","Financials","83","₹109065","₹9157","—"
"AXISBANK","Axis Bank Ltd","Financials","83","₹109369","₹24861","34.7%"
"HCLTECH","HCL Technologies Ltd","Information Technology","81","₹109913","₹15710","22.0%"
"BAJAJFINSV","Bajaj Finserv Ltd","Financials","84","₹110382","₹15595","37.0%"
"CANBK","Canara Bank","Financials","76","₹110519","₹15401","41.8%"
"BANKBARODA","Bank of Baroda","Financials","76","₹118379","₹18869","37.5%"
"GRASIM","Grasim Industries Ltd","Materials","33","₹130978","₹9926","20.8%"
"SBILIFE","SBI Life Insurance Company Ltd","Financials","61","₹131988","₹1894","0.2%"
"GAIL","GAIL (India) Ltd","Energy","69","₹133228","₹9903","10.7%"
"M&M","Mahindra & Mahindra Ltd","Consumer Discretionary","43","₹139078","₹12270","17.9%"
"MARUTI","Maruti Suzuki India Ltd","Consumer Discretionary","81","₹141858","₹13488","13.1%"
"COALINDIA","Coal India Ltd","Energy","69","₹142324","₹37369","66.3%"
"VEDL","VEDL","","53","₹143727","₹7539","24.6%"
"BHARTIARTL","Bharti Airtel Ltd","Telecommunication","49","₹149982","₹8558","52.2%"
"INFY","Infosys Ltd","Information Technology","77","₹153670","₹26248","23.7%"
"ICICIBANK","ICICI Bank Ltd","Financials","86","₹159516","₹46081","62.4%"
"JSWSTEEL","JSW Steel Ltd","Materials","60","₹175006","₹8973","16.1%"
"NTPC","NTPC Ltd","Energy","64","₹178501","₹21332","28.8%"
"HINDALCO","Hindalco Industries Ltd","Materials","59","₹215962","₹10155","88.9%"
"LT","Larsen & Toubro Ltd","Industrials","84","₹221113","₹15547","13.5%"
"TATASTEEL","Tata Steel Ltd","Materials","37","₹229171","₹-4910","9.7%"
"TCS","Tata Consultancy Services Ltd","Information Technology","81","₹240893","₹46099","26.7%"
"HDFCBANK","HDFC Bank Ltd","Financials","83","₹283649","₹65446","61.4%"
"TATAMOTORS","Tata Motors Ltd","Consumer Discretionary","72","₹437928","₹31807","13.6%"
"SBIN","State Bank of India","Financials","88","₹439189","₹69543","'-13.7%"
"BPCL","Bharat Petroleum Corporation Ltd","Energy","74","₹448083","₹26859","9.8%"
"ONGC","Oil & Natural Gas Corpn Ltd","Energy","72","₹591396","₹57101","17.4%"
"IOC","Indian Oil Corporation","Energy","71","₹776352","₹43161","9.7%"
"LICI","Life Insurance Corporation of India","Financials","57","₹845966","₹40916","3.9%"
"RELIANCE","Reliance Industries Ltd","Energy","64","₹899041","₹79020","18.1%"